{"EXCH@gateio@ftx": {"var": 0.00027026752866200006, "std": 0.016439815347563978, "mean": -0.14221566381910355, "uplimit": -0.12577584847153958, "lowerlimit": -0.15865547916666753}, "AMPL@gateio@ftx": {"var": 9.706973978312698e-05, "std": 0.009852397666716818, "mean": -0.005849650632078424, "uplimit": 0.004002747034638394, "lowerlimit": -0.01570204829879524}, "PRIV@gateio@ftx": {"var": 1.4928515759465313e-05, "std": 0.003863743749197831, "mean": -0.08035065830800328, "uplimit": -0.07648691455880545, "lowerlimit": -0.08421440205720111}, "GST@gateio@ftx": {"var": 2.8750336967680326e-05, "std": 0.005361934069687945, "mean": 0.010773375090395314, "uplimit": 0.01613530916008326, "lowerlimit": 0.005411441020707369}}